,Codigo,Descripcion,Unidad,Costo_Materiales,Costo_Ejecucion,Costo_Total
0,1.0,PRELIMINARES DE OBRA,,,,
1,,"Trabajos, Tareas y Provisiones",,,,
2,1.01,Cartel de Obra,m2,"$ 44.962,52","$ 42.388,60","$ 87.351,11"
3,1.02,Cerco de Obra,m,"$ 23.407,56","$ 15.576,68","$ 38.984,24"
4,1.03,Limpieza inicial terreno; retiros grales.,m2,"$ 376,69","$ 3.144,36","$ 3.521,04"
5,1.04,Nivelación y replanteo de obra,m2,"$ 113,01","$ 6.389,36","$ 6.502,37"
6,1.05,"Obrador, construcciones provisorias",m2,"$ 36.647,05","$ 110.398,61","$ 147.045,65"
7,,Demoliciones y Retiros,,,,
8,1.06,"Contenedor, volquete 5m3 (alquiler)",día,"$ 0,00","$ 77.914,94","$ 77.914,94"
9,1.07,Demolición de contrapisos y otros solados,m2,"$ 0,00","$ 12.228,00","$ 12.228,00"
10,1.08,Demolición estructuras de hormigón armado,m3,"$ 0,00","$ 206.300,29","$ 206.300,29"
11,1.09,Demolición mamposterías ladrillos comunes,m3,"$ 0,00","$ 87.072,76","$ 87.072,76"
12,1.1,Demolición mamposterías ladrillos huecos,m2,"$ 0,00","$ 15.012,24","$ 15.012,24"
13,1.11,Picado de revoques ,m2,"$ 0,00","$ 10.678,35","$ 10.678,35"
14,1.12,Retiro de pisos/revestimientos,m2,"$ 0,00","$ 11.453,18","$ 11.453,18"
15,2.0,MOVIMIENTO DE TIERRA,,,,
16,,"Incluye mano de obra y/o maquinaria e insumos varios, para la cava, acarreo y desparramo internos en la obra, apisonado por capas; carga en camión y/o volquete",,,,
17,2.01,Desmonte; Terraplenamientos y rellenos a máquina,m3,"$ 0,00","$ 28.341,11","$ 28.341,11"
18,2.02,Desmonte; Terraplenamientos y rellenos manual,m3,"$ 0,00","$ 24.622,82","$ 24.622,82"
19,2.03,Excavación a máquina para subsuelo ,m3,"$ 0,00","$ 35.002,52","$ 35.002,52"
20,2.04,Excavación manual para bases de columnas,m3,"$ 0,00","$ 37.111,83","$ 37.111,83"
21,2.05,Excavación manual para zapata de muros,m3,"$ 0,00","$ 27.601,80","$ 27.601,80"
22,3.0,ESTRUCTURAS,,,,
23,,Hormigón Armado,,,,
24,,"Incluye materiales, mano de obra, equipos, para encofrado (con madera); corte, doblado y posicionado armaduras; elaboración hormigón en obra (volúmenes menores), llenado y posterior desencofrado.",,,,
25,3.0,Bases H°A° -H21/50kg,m3,"$ 273.081,47","$ 154.396,61","$ 427.478,08"
26,3.01,Columnas H°A° - H21/90kg,m3,"$ 391.977,67","$ 312.582,86","$ 704.560,53"
27,3.02,Encadenado H°A° - H21/65kg,m3,"$ 315.407,85","$ 310.631,89","$ 626.039,74"
28,3.03,Escalera H°A° - H21/65kg,m3,"$ 343.607,48","$ 335.183,54","$ 678.791,02"
29,3.04,Losa HºAº con viguetas y ladrillón cerámico 12cm,m2,"$ 37.515,51","$ 48.487,28","$ 86.002,79"
30,3.05,Losa HºAº con viguetas y ladrillón poliestireno exp.12cm,m2,"$ 46.052,30","$ 46.129,66","$ 92.181,97"
31,3.06,Losa HºAº macizas H21/60kg,m3,"$ 333.245,87","$ 307.723,65","$ 640.969,51"
32,3.07,Tabiques H°A° - H21/70kg,m3,"$ 334.250,23","$ 447.524,28","$ 781.774,50"
33,3.08,Tanques H°A° - H21/120kg,m3,"$ 356.743,35","$ 489.486,38","$ 846.229,73"
34,3.09,Vigas H°A° - H21/120kg,m3,"$ 477.389,46","$ 422.328,48","$ 899.717,95"
35,3.1,Zapata corrida muros Hº cascotes,m3,"$ 164.970,21","$ 44.413,16","$ 209.383,37"
36,3.11,Zapata corrida muros HºAº,m3,"$ 237.473,46","$ 93.054,55","$ 330.528,01"
37,,Metálica,,,,
38,,"Incluye materiales, mano de obra, equipos, para corte, soldadura y/u otros en Taller y montaje en obra; no incluye pintura ni flete.",,,,
39,3.12,Hierros redondos,kg,"$ 2.707,07","$ 4.386,16","$ 7.093,24"
40,3.13,Perfiles ángulo,kg,"$ 7.850,52","$ 6.447,66","$ 14.298,18"
41,3.14,Perfiles normales,kg,"$ 6.767,69","$ 5.526,57","$ 12.294,25"
42,4.0,MAMPOSTERÍAS Y TABIQUERÍAS,,,,
43,,Mamposterías,,,,
44,,Ladrillos comunes y huecos con mezclas húmedas.Técnicas y dosajes tradicionales,,,,
45,4.01,Bloques hcca 10x25x50cm,m2,"$ 22.146,01","$ 16.246,66","$ 38.392,67"
46,4.02,Bloques hcca 15x25x50cm,m2,"$ 34.237,65","$ 19.063,68","$ 53.301,33"
47,4.03,Bloques hcca 20x25x50cm,m2,"$ 45.811,44","$ 21.880,70","$ 67.692,14"
48,4.04,Bloques hormigón 10x20x40cm,m2,"$ 19.729,80","$ 21.119,02","$ 40.848,82"
49,4.05,Bloques hormigón 20x20x40cm,m2,"$ 24.656,09","$ 24.697,72","$ 49.353,81"
50,4.06,Ladrillos cerámicos decorativos 12x18x25cm,m2,"$ 23.137,79","$ 23.079,96","$ 46.217,75"
51,4.07,Ladrillos cerámicos huecos 12x18x33cm,m2,"$ 14.864,07","$ 23.108,37","$ 37.972,44"
52,4.08,Ladrillos cerámicos huecos 18x18x33cm,m2,"$ 20.483,71","$ 24.756,53","$ 45.240,24"
53,4.09,Ladrillos cerámicos huecos 8x18x33cm,m2,"$ 9.955,70","$ 21.460,20","$ 31.415,91"
54,4.1,Ladrillos comunes a la vista en elevación,m3,"$ 209.817,88","$ 137.968,27","$ 347.786,14"
55,4.11,Ladrillos comunes en cimientos,m3,"$ 127.847,57","$ 86.742,56","$ 214.590,13"
56,4.12,Ladrillos comunes en elevación,m3,"$ 129.868,64","$ 115.661,21","$ 245.529,85"
57,,Tabiquerías,,,,
58,,"Estructura chapa galvanizada y placas construcción en seco, materiales y técnicas según fabricante sistema.",,,,
59,4.13,"Placa cementícia doble esp.12,5cm exterior, con aislación",m2,"$ 21.707,19","$ 12.056,14","$ 33.763,33"
60,4.14,"Placa de yeso doble esp.12,5cm, con aislación",m2,"$ 18.180,05","$ 9.915,44","$ 28.095,49"
61,4.15,"Placa de yeso resistente a la humedad esp.9,5cm ",m2,"$ 20.707,08","$ 10.113,65","$ 30.820,73"
62,4.16,"Placa de yeso simple esp.8,5cm medio tabique interior",m2,"$ 8.248,27","$ 4.764,25","$ 13.012,51"
63,4.17,"Placa de yeso simple esp.9,5cm interior, con aislación",m2,"$ 12.984,05","$ 5.324,11","$ 18.308,16"
64,4.18,"Placa de yeso simple esp.9,5cm interior, sin aislación",m2,"$ 10.531,36","$ 5.111,30","$ 15.642,67"
65,5.0,AISLACIONES,,,,
66,5.01,Aislante acústico lana en rollo tipo Acustiver,m2,"$ 3.735,91","$ 3.370,50","$ 7.106,41"
67,5.02,Aislante acústico panel fonoabsorbente tipo Fonac,m2,"$ 31.132,55","$ 3.874,14","$ 35.006,69"
68,5.03,Cementícia doble horizontal en muros,m2,"$ 7.975,27","$ 4.648,97","$ 12.624,24"
69,5.04,Cementícia doble vertical en muros,m2,"$ 5.775,41","$ 3.874,14","$ 9.649,54"
70,5.05,Cementícia vertical con tabique panderete para subsuelo,m2,"$ 19.630,51","$ 19.692,76","$ 39.323,27"
71,5.06,Lana de vidrio con cara aluminio 50mm,m2,"$ 6.061,47","$ 1.575,42","$ 7.636,89"
72,5.07,Membrana espuma polietileno 10mm bajo techo,m2,"$ 8.166,81","$ 2.111,36","$ 10.278,17"
73,5.08,Pintura asfáltica sobre paramentos,m2,"$ 2.122,37","$ 1.969,28","$ 4.091,65"
74,5.09,Pintura impermeabilizante sobre paramentos ,m2,"$ 4.137,15","$ 2.111,36","$ 6.248,51"
75,6.0,CUBIERTA,,,,
76,6.01,Chapas HºGºNº25 color sobre estructura madera,m2,"$ 51.786,37","$ 18.047,41","$ 69.833,78"
77,6.02,Chapas HºGºNº25 color sobre estructura metálica,m2,"$ 55.442,27","$ 20.436,31","$ 75.878,58"
78,6.03,Chapas HºGºNº25 color sobre estructura mixta,m2,"$ 51.041,00","$ 20.243,07","$ 71.284,07"
79,6.04,Chapas HºGºNº25 sobre estructura madera,m2,"$ 31.092,66","$ 17.272,58","$ 48.365,24"
80,6.05,Chapas HºGºNº25 sobre estructura metálica,m2,"$ 44.656,09","$ 20.016,69","$ 64.672,78"
81,6.06,Chapas HºGºNº25 sobre estructura mixta,m2,"$ 39.276,97","$ 19.048,62","$ 58.325,58"
82,6.07,Plana completa terminación azotea verde,m2,"$ 69.163,53","$ 36.676,41","$ 105.839,94"
83,6.08,Plana completa terminación baldosa cerámica,m2,"$ 36.635,35","$ 26.377,27","$ 63.012,62"
84,6.09,Plana completa terminación doblado ladrillos comunes,m2,"$ 38.719,69","$ 24.084,81","$ 62.804,51"
85,6.1,Plana completa terminación membrana asfáltica c/aluminio,m2,"$ 28.080,93","$ 20.533,86","$ 48.614,79"
86,6.11,Plana completa terminación membrana geotextil,m2,"$ 32.124,29","$ 23.277,96","$ 55.402,25"
87,6.12,Tejas francesas esmaltadas (color) sobre losa c/ aisl.,m2,"$ 48.202,70","$ 18.047,41","$ 66.250,12"
88,6.13,"Tejas francesas esmaltadas (color), est. madera sin cepillar c/ aisl.",m2,"$ 78.886,50","$ 27.991,34","$ 106.877,84"
89,6.14,"Tejas francesas esmaltadas (color), est. madera vista c/ aisl.",m2,"$ 99.370,96","$ 30.671,03","$ 130.041,99"
90,6.15,Tejas francesas esmaltadas sobre losa c/ aisl.,m2,"$ 38.043,17","$ 17.272,58","$ 55.315,75"
91,6.16,"Tejas francesas esmaltadas, est. madera sin cepillar c/ aisl.",m2,"$ 68.950,67","$ 27.571,72","$ 96.522,39"
92,6.17,"Tejas francesas esmaltadas, est. madera vista c/ aisl.",m2,"$ 89.435,13","$ 30.251,41","$ 119.686,54"
93,6.18,Tejas francesas natural sobre losa c/ aisl.,m2,"$ 32.161,82","$ 16.917,38","$ 49.079,20"
94,6.19,"Tejas francesas natural, est. madera sin cepillar c/ aisl.",m2,"$ 63.218,46","$ 26.796,89","$ 90.015,36"
95,6.2,"Tejas francesas natural, est. madera vista c/ aisl.",m2,"$ 83.702,92","$ 29.476,58","$ 113.179,50"
96,7.0,REVOQUES,,,,
97,7.01,Azotado impermeable,m2,"$ 1.130,33","$ 7.036,00","$ 8.166,33"
98,7.02,Azotado impermeable en muro doble,m2,"$ 1.094,22","$ 8.232,31","$ 9.326,53"
99,7.03,Exterior a la cal común completo,m2,"$ 3.629,26","$ 18.595,86","$ 22.225,12"
100,7.04,"Exterior completo, terminación material de frente",m2,"$ 4.430,99","$ 20.232,30","$ 24.663,29"
101,7.05,Fino a la cal,m2,"$ 1.332,07","$ 8.211,45","$ 9.543,51"
102,7.06,Fino/Estucado yeso,m2,"$ 1.158,94","$ 11.732,71","$ 12.891,65"
103,7.07,Grueso común,m2,"$ 1.181,61","$ 7.592,94","$ 8.774,55"
104,7.08,Impermeable de cemento,m2,"$ 9.391,80","$ 21.273,70","$ 30.665,50"
105,7.09,Interior a la cal común completo,m2,"$ 2.311,94","$ 12.654,90","$ 14.966,84"
106,7.1,Interior azotado y grueso b/ revestimientos,m2,"$ 2.622,60","$ 9.555,59","$ 12.178,19"
107,7.11,Premezclado fino exterior (manual),m2,"$ 1.787,54","$ 10.453,36","$ 12.240,90"
108,7.12,Premezclado fino interior (manual),m2,"$ 1.615,85","$ 9.007,14","$ 10.622,99"
109,7.13,Premezclado grueso y fino interior (manual),m2,"$ 16.997,33","$ 10.201,59","$ 27.198,92"
110,7.14,Premezclado grueso y fino interior (proyectable),m2,"$ 17.370,18","$ 8.651,93","$ 26.022,11"
111,7.15,"Premezclado impermeable, grueso y fino exterior (manual)",m2,"$ 19.378,38","$ 11.815,66","$ 31.194,04"
112,7.16,"Premezclado impermeable, grueso y fino exterior (proyectable)",m2,"$ 19.602,09","$ 9.452,53","$ 29.054,61"
113,7.17,Toma de juntas de ladrillos vistos,m2,"$ 773,50","$ 17.046,21","$ 17.819,71"
114,8.0,CONTRAPISOS,,,,
115,8.01,Hormigón alivianado c/ poliestireno expandido e=6cm,m2,"$ 9.648,96","$ 9.588,72","$ 19.237,68"
116,8.02,Hormigón alivianado c/ poliestireno expandido e=8cm,m2,"$ 11.385,77","$ 10.643,48","$ 22.029,26"
117,8.03,"Hormigón alivianado c/ poliestireno expandido e=20cm, para rellenos",m2,"$ 26.893,58","$ 13.561,33","$ 40.454,91"
118,8.04,Hormigón alivianado elaborado H8 e=6cm,m2,"$ 9.071,74","$ 8.039,07","$ 17.110,81"
119,8.05,"Hormigón alivianado elaborado H8 e=8cm, para banquinas",m2,"$ 10.597,29","$ 8.394,27","$ 18.991,57"
120,8.06,Hormigón armado e=12cm terminación a la llana,m2,"$ 31.396,77","$ 16.737,78","$ 48.134,54"
121,8.07,Hormigón de cascotes e=10cm,m2,"$ 7.455,66","$ 11.300,34","$ 18.756,00"
122,8.08,Hormigón de cascotes e=12cm,m2,"$ 8.797,68","$ 12.543,38","$ 21.341,06"
123,8.09,Hormigón de cascotes e=8cm,m2,"$ 4.696,99","$ 9.040,27","$ 13.737,26"
124,8.1,Mortero elaborado RDC CUC=150kg/m3) e=6 cm,m2,"$ 9.446,24","$ 6.973,45","$ 16.419,69"
125,9.0,CIELORRASOS,,,,
126,9.01,Hormigón visto (terminaciones),m2,"$ 167,43","$ 6.473,28","$ 6.640,71"
127,9.02,Madera machimbrada suspendido con estructura madera,m2,"$ 25.292,93","$ 11.406,28","$ 36.699,21"
128,9.03,Mortero a la cal aplicado bajo losa,m2,"$ 3.172,83","$ 17.890,68","$ 21.063,51"
129,9.04,"Placa de yeso común junta tomada, con aislación",m2,"$ 13.250,62","$ 8.197,16","$ 21.447,78"
130,9.05,"Placa de yeso común junta tomada, sin aislación",m2,"$ 11.815,09","$ 8.013,80","$ 19.828,89"
131,9.06,"Placa de yeso común para cajones, taparrollos",m2,"$ 12.365,67","$ 9.478,73","$ 21.844,40"
132,9.07,Placa de yeso resistente a la humedad junta tomada,m2,"$ 14.580,78","$ 8.506,34","$ 23.087,12"
133,9.08,"Placa vinílica texturada desmontable, sin aislación",m2,"$ 12.552,54","$ 9.055,34","$ 21.607,88"
134,9.09,Yeso aplicado bajo losa,m2,"$ 1.683,16","$ 17.890,68","$ 19.573,84"
135,9.1,"Yeso armado, con estructura madera",m2,"$ 13.593,34","$ 30.711,03","$ 44.304,37"
136,10.0,REVESTIMIENTOS,,,,
137,10.01,Cemento alisado,m2,"$ 6.799,23","$ 27.171,61","$ 33.970,83"
138,10.02,Cerámicos esmaltados,m2,"$ 20.016,49","$ 15.836,50","$ 35.852,98"
139,10.03,"Granito reconstituido en escalones e:2,5cm (h/ch/z)",m2,"$ 219.386,98","$ 48.600,84","$ 267.987,82"
140,10.04,"Mesada de granito natural e=2,5cm, comp. (gris mara)",m2,"$ 137.994,34","$ 28.752,94","$ 166.747,29"
141,10.05,"Mesada de piedra natural e=2,5cm, comp. (travertino)",m2,"$ 241.989,20","$ 35.253,73","$ 277.242,93"
142,10.06,Plástico texturado,m2,"$ 9.235,98","$ 20.047,97","$ 29.283,94"
143,10.07,Porcellanato canto rectificado,m2,"$ 52.408,41","$ 16.902,12","$ 69.310,53"
144,10.08,Porcellanato sin rectificar,m2,"$ 31.576,07","$ 13.785,37","$ 45.361,44"
145,10.09,Tejuelas refractarias,m2,"$ 23.403,91","$ 21.146,72","$ 44.550,63"
146,11.0,PISOS,,,,
147,11.01,Alfombra alto tránsito 8mm,m2,"$ 33.777,33","$ 7.941,89","$ 41.719,22"
148,11.02,Carpeta cemento bajo pisos,m2,"$ 4.651,11","$ 6.391,86","$ 11.042,98"
149,11.03,Cemento alisado,m2,"$ 5.030,48","$ 7.166,69","$ 12.197,17"
150,11.04,"Cemento term.a la llana mecánica, incl.H° e=4cm",m2,"$ 10.971,20","$ 8.434,93","$ 19.406,13"
151,11.05,"Cemento term.texturado/raspinado, incl.H° e=4cm",m2,"$ 10.346,03","$ 8.790,14","$ 19.136,17"
152,11.06,Cerámicas esmaltadas,m2,"$ 21.239,79","$ 15.424,51","$ 36.664,30"
153,11.07,Cerámicas rojas,m2,"$ 15.348,58","$ 14.649,68","$ 29.998,26"
154,11.08,Losetas de Hº 40x60cm,m2,"$ 23.012,96","$ 13.010,11","$ 36.023,07"
155,11.09,Losetas graníticas 40x40cm,m2,"$ 20.934,38","$ 15.496,55","$ 36.430,93"
156,11.1,Madera flotante simil algarrobo e=8mm,m2,"$ 23.027,63","$ 18.240,66","$ 41.268,28"
157,11.11,Madera parquet algarrobo e=19mm,m2,"$ 23.463,58","$ 17.821,03","$ 41.284,61"
158,11.12,Madera semidura tipo deck,m2,"$ 19.136,37","$ 13.946,90","$ 33.083,26"
159,11.13,Mosaicos graníticos 30x30cm,m2,"$ 20.272,88","$ 17.594,66","$ 37.867,54"
160,11.14,Pavimento con adoquín intertrabado e=8cm,m2,"$ 25.685,89","$ 14.721,72","$ 40.407,62"
161,11.15,Porcellanato pulido,m2,"$ 48.173,10","$ 17.748,99","$ 65.922,10"
162,11.16,Porcellanato sin pulir,m2,"$ 29.024,30","$ 14.476,08","$ 43.500,37"
163,12.0,ZOCALOS,,,,
164,12.01,Cemento alisado h=10 cm,m,"$ 243,13","$ 3.938,55","$ 4.181,68"
165,12.02,Cerámico Esmaltado,m,"$ 3.880,25","$ 2.744,10","$ 6.624,35"
166,12.03,Cerámico Gres,m,"$ 2.969,97","$ 2.744,10","$ 5.714,08"
167,12.04,Madera,m,"$ 3.357,47","$ 2.660,18","$ 6.017,65"
168,12.05,Mosaico granítico 10x30cm,m,"$ 3.609,54","$ 3.518,93","$ 7.128,47"
169,12.06,Perfil metálico,m,"$ 2.655,95","$ 2.576,26","$ 5.232,20"
170,12.07,Porcellanato pulido,m,"$ 8.752,06","$ 2.911,95","$ 11.664,01"
171,13.0,CARPINTERÍAS,,,,
172,13.01,Puerta ingreso madera maciza,m2,"$ 302.315,50","$ 46.489,66","$ 348.805,16"
173,13.02,Puerta interior madera placa ench.madera,m2,"$ 117.208,18","$ 38.741,38","$ 155.949,56"
174,13.03,Puerta interior madera placa ench.mdf,m2,"$ 91.953,84","$ 37.191,72","$ 129.145,56"
175,13.04,Rejas de hierro,m2,"$ 105.453,73","$ 30.735,45","$ 136.189,18"
176,13.05,"Ventana, Puerta ventana aluminio",m2,"$ 216.411,71","$ 31.767,93","$ 248.179,64"
177,13.06,"Ventana, Puerta ventana aluminio con postigos",m2,"$ 751.724,02","$ 41.220,83","$ 792.944,85"
178,13.07,"Ventana, Puerta ventana chapa doblada con celosía",m2,"$ 113.007,65","$ 36.416,90","$ 149.424,55"
179,13.08,"Ventana, Puerta ventana madera",m2,"$ 703.369,46","$ 32.542,76","$ 735.912,21"
180,13.09,"Ventana, Puerta ventana madera con postigos",m2,"$ 1.142.835,38","$ 43.390,35","$ 1.186.225,73"
181,13.1,"Ventana, Ventiluz chapa doblada",m2,"$ 62.998,98","$ 30.993,10","$ 93.992,09"
182,14.0,VIDRIERÍA,,,,
183,14.01,Cristal Templado 10mm,m2,"$ 263.429,89","$ 31.508,42","$ 294.938,31"
184,14.02,Espejo Cristal 6mm,m2,"$ 78.840,62","$ 6.198,62","$ 85.039,24"
185,14.03,Vidrio doble hermético DVH 24mm,m2,"$ 238.910,53","$ 18.698,93","$ 257.609,45"
186,14.04,Vidrio laminado seguridad 3+3mm color,m2,"$ 158.154,83","$ 11.398,72","$ 169.553,55"
187,14.05,Vidrio laminado seguridad 3+3mm incoloro,m2,"$ 128.045,60","$ 10.336,90","$ 138.382,50"
188,14.06,Vidrio laminado seguridad 4+4mm color,m2,"$ 182.662,06","$ 10.107,36","$ 192.769,42"
189,14.07,Vidrio laminado seguridad 4+4mm incoloro,m2,"$ 174.696,61","$ 9.878,77","$ 184.575,39"
190,14.08,Vidrio tipo inglés 3mm color,m2,"$ 62.440,28","$ 8.277,59","$ 70.717,87"
191,14.09,Vidrio tipo inglés 3mm incoloro,m2,"$ 49.267,72","$ 7.812,69","$ 57.080,41"
192,14.1,Vidrio Transparente 3mm,m2,"$ 24.063,27","$ 5.152,51","$ 29.215,78"
193,14.11,Vidrio Transparente 4mm,m2,"$ 30.161,67","$ 6.585,85","$ 36.747,52"
194,15.0,PINTURAS,,,,
195,15.01,Acrílica transparente en muros exteriores,m2,"$ 7.505,30","$ 7.812,69","$ 15.317,99"
196,15.02,Barniz p/ Carpintería madera,m2,"$ 11.101,78","$ 11.718,11","$ 22.819,89"
197,15.03,Esmalte Sintético  p/ Carpintería metálica,m2,"$ 14.051,33","$ 14.462,21","$ 28.513,55"
198,15.04,Látex en muros exteriores,m2,"$ 5.990,09","$ 8.232,31","$ 14.222,40"
199,15.05,Látex en muros interiores,m2,"$ 5.727,48","$ 7.037,86","$ 12.765,34"
200,15.06,Látex para Cielorraso,m2,"$ 4.269,17","$ 7.877,11","$ 12.146,27"
201,16.0,INSTALACION ELÉCTRICA ,,,,
202,,Elementos de la Instalación,,,,
203,,"Incluye materiales, mano de obra y equipos para apertura canaletas/zanjas, corte y pegado/roscado y colocación/montaje cañería, piezas, artefactos y accesorios, para la instalación completa y reglamentaria",,,,
204,16.01,Artefacto Iluminación,u,"$ 70.300,77","$ 17.406,78","$ 87.707,55"
205,16.02,Boca de electricidad,u,"$ 69.418,86","$ 30.358,30","$ 99.777,16"
206,16.03,Boca de telefonía,u,"$ 62.824,07","$ 27.322,47","$ 90.146,54"
207,16.04,Boca de televisión,u,"$ 59.006,03","$ 26.715,31","$ 85.721,34"
208,16.05,Tablero de electricidad,u,"$ 146.286,45","$ 40.477,74","$ 186.764,18"
209,16.06,Toma de electricidad,u,"$ 61.782,78","$ 27.018,89","$ 88.801,68"
210,17.0,INSTALACION SANITARIA / INCENDIO,,,,
211,,"Artefactos, Grifería y Accesorios",,,,
212,,"Incluye materiales (artefactos, griferías, accesorios), mano de obra y equipos para colocación/montaje de artefactos, piezas y accesorios, para la instalación completa y reglamentaria. Artefactos loza blanca y Grifería monocomando, calidad media.",,,,
213,17.01,Accesorios baño loza blanca (9 piezas),jgo,"$ 223.464,03","$ 50.977,58","$ 274.441,61"
214,17.02,Bañera metálica enlozada blanca c/ grifería,u,"$ 423.411,28","$ 75.752,20","$ 499.163,48"
215,17.03,Bidet loza blanca c/ grifería,u,"$ 280.402,77","$ 81.170,11","$ 361.572,87"
216,17.04,Inodoro pedestal loza blanca incl. D.I. y asiento,u,"$ 320.485,04","$ 80.441,15","$ 400.926,19"
217,17.05,Lavatorio loza blanca c/ grifería,u,"$ 253.801,94","$ 56.641,76","$ 310.443,70"
218,17.06,Pileta cocina bacha acero inoxidable c/ grifería,u,"$ 322.713,43","$ 56.651,61","$ 379.365,05"
219,17.07,Pileta lavar loza blanca c/ grifería,u,"$ 262.545,62","$ 51.617,88","$ 314.163,51"
220,,Agua e Incendio,,,,
221,,"Incluye materiales, mano de obra y equipos para apertura canaletas/zanjas, corte y pegado/roscado y colocación/montaje cañería, piezas especiales y accesorios, para la instalación completa y reglamentaria",,,,
222,17.08,Boca Incendio,u,"$ 871.336,41","$ 159.504,48","$ 1.030.840,89"
223,17.09,Bomba centrífuga 1/2 HP,u,"$ 311.674,86","$ 35.674,46","$ 347.349,32"
224,17.1,Canilla de servicio Ø 13mm c/ pico manguera,u,"$ 23.843,53","$ 7.762,38","$ 31.605,92"
225,17.11,Canilla de servicio Ø 13mm c/ pico manguera en nicho ac.inox.,u,"$ 58.655,09","$ 9.968,95","$ 68.624,04"
226,17.12,Cañería PP TF Ø 13mm,m,"$ 7.703,72","$ 5.664,18","$ 13.367,89"
227,17.13,Cañería PP TF Ø 19mm,m,"$ 9.608,01","$ 5.890,74","$ 15.498,75"
228,17.14,Cañería PP TF Ø 25mm,m,"$ 11.512,30","$ 6.176,41","$ 17.688,71"
229,17.15,Cañería PP TF Ø 38mm,m,"$ 12.637,56","$ 6.235,52","$ 18.873,08"
230,17.16,Cañería PP TF Ø 50mm,m,"$ 14.974,64","$ 6.353,73","$ 21.328,37"
231,17.17,Llave de paso Ø 13mm,u,"$ 13.458,27","$ 5.664,18","$ 19.122,44"
232,17.18,Llave de paso Ø 19mm,u,"$ 16.822,83","$ 6.560,59","$ 23.383,43"
233,17.19,Llave de paso Ø 25mm,u,"$ 33.645,66","$ 9.407,46","$ 43.053,12"
234,17.2,Llave de paso Ø 38mm,u,"$ 42.057,08","$ 10.195,52","$ 52.252,60"
235,17.21,Llave de paso Ø 50mm,u,"$ 49.627,36","$ 10.703,82","$ 60.331,17"
236,17.22,Tanque de agua polietileno tricapa 1100ls ,u,"$ 362.537,47","$ 37.728,34","$ 400.265,81"
237,17.23,Tanque de agua polietileno tricapa 2750ls ,u,"$ 468.509,96","$ 49.056,69","$ 517.566,65"
238,,"Cloacas, Pluviales y Ventilaciones",,,,
239,,"Incluye materiales, mano de obra y equipos para apertura canaletas/zanjas, corte y pegado/roscado y colocación/montaje cañería, piezas especiales y accesorios, para la instalación completa y reglamentaria ",,,,
240,17.24,Boca de Acceso PVC,u,"$ 55.101,52","$ 14.466,80","$ 69.568,32"
241,17.25,Boca de Desagüe Abierta PVC,u,"$ 28.717,87","$ 21.750,44","$ 50.468,30"
242,17.26,Cámara Inspección HºAº 60x60cm,u,"$ 186.659,66","$ 45.136,10","$ 231.795,76"
243,17.27,"Cañería PVC 3,2 Ø 040mm",m,"$ 4.281,67","$ 4.787,46","$ 9.069,13"
244,17.28,"Cañería PVC 3,2 Ø 050mm",m,"$ 6.741,92","$ 5.165,73","$ 11.907,64"
245,17.29,"Cañería PVC 3,2 Ø 060mm",m,"$ 6.984,09","$ 5.437,61","$ 12.421,70"
246,17.3,"Cañería PVC 3,2 Ø 110mm",m,"$ 11.283,66","$ 6.526,12","$ 17.809,78"
247,17.31,Embudo PVC,u,"$ 17.552,88","$ 21.750,44","$ 39.303,31"
248,17.32,Pileta Patio Abierta PVC,u,"$ 33.665,75","$ 16.854,62","$ 50.520,36"
249,18.0,INSTALACION GAS,,,,
250,,Artefactos,,,,
251,,"Incluye materiales (artefactos, accesorios), mano de obra y equipos para colocación/montaje artefactos, piezas y accesorios, para la instalación completa y reglamentaria. Artefactos aprobados, calidad media.",,,,
252,18.01,Calefactor GN 2000cal,u,"$ 292.212,40","$ 59.925,26","$ 352.137,66"
253,18.02,Calefactor GN 3000cal,u,"$ 324.680,44","$ 63.079,22","$ 387.759,66"
254,18.03,Calefón GN 12ls,u,"$ 317.900,80","$ 64.522,35","$ 382.423,16"
255,18.04,Calefón GN 14ls,u,"$ 354.141,50","$ 65.252,29","$ 419.393,79"
256,18.05,"Cocina GN 4H, H y P",u,"$ 353.187,79","$ 66.985,04","$ 420.172,83"
257,18.06,Termotanque GN 60 ls,u,"$ 430.755,59","$ 66.689,52","$ 497.445,11"
258,18.07,Termotanque GN 110 ls,u,"$ 758.193,42","$ 67.477,58","$ 825.670,99"
260,,Cañerías y Accesorios,,,,
261,,"Incluye materiales, mano de obra y equipos para apertura canaletas/zanjas, corte y pegado/roscado y colocación/montaje cañería, piezas especiales y accesorios, para la instalación completa y reglamentaria",,,,
262,18.08,Cañería EPOXI Ø 013mm,m,"$ 6.390,51","$ 7.979,10","$ 14.369,61"
263,18.09,Cañería EPOXI Ø 019mm,m,"$ 7.810,62","$ 9.062,68","$ 16.873,31"
264,18.1,Cañería EPOXI Ø 025mm,m,"$ 9.230,74","$ 10.156,11","$ 19.386,85"
265,18.11,Cañería EPOXI Ø 050mm,m,"$ 10.650,85","$ 11.407,16","$ 22.058,01"
266,18.12,Llave de paso Ø 13mm,u,"$ 11.981,58","$ 9.737,46","$ 21.719,04"
267,18.13,Llave de paso Ø 19mm,u,"$ 15.336,43","$ 11.441,51","$ 26.777,94"
268,19.0,EQUIPAMIENTO,,,,
269,19.01,Amob.fijo: bajo mesada y alacena (incl. mesada granito),m2,"$ 1.004.071,29","$ 157.096,66","$ 1.161.167,95"
270,19.02,Amob.fijo: bajo mesada y alacena (no incl. mesada),m2,"$ 423.718,08","$ 126.714,17","$ 550.432,25"
271,19.03,Amob.fijo: puertas de placares,m2,"$ 127.701,12","$ 45.719,26","$ 173.420,38"
272,19.04,Amob.fijo: puertas e interiores de placares,m2,"$ 192.126,33","$ 55.315,73","$ 247.442,06"
273,19.05,Matafuegos ABC 10kg,u,"$ 242.441,02","$ 16.519,21","$ 258.960,23"
274,19.06,Matafuegos ABC 5kg,u,"$ 127.012,27","$ 15.487,73","$ 142.500,00"
275,20.0,VARIOS,,,,
276,20.01,Ayuda de gremio ,m2,"$ 0,00","$ 5.154,89","$ 5.154,89"
277,20.02,"Conductos ventilación, incl. sombrerete y reja",m,"$ 25.229,06","$ 92.697,44","$ 117.926,51"
278,20.03,Limpieza periódica y final de obra de obra,m2,"$ 2.460,79","$ 10.070,71","$ 12.531,50"
279,20.04,Parquización (cesped),m2,"$ 4.887,23","$ 5.947,22","$ 10.834,45"
